seg_id,time_to_failure
seg_00030f,3.8763523
seg_0012b5,3.877988
seg_00184e,5.446482
seg_003339,8.528123
seg_0042cc,5.0406966
seg_004314,0.85424924
seg_004cd2,5.6314983
seg_004ee5,4.3395104
seg_004f1f,3.0383272
seg_00648a,3.2445414
seg_006e4a,3.0057855
seg_007a37,2.5170298
seg_00a37e,1.8912371
seg_00be11,2.40417
seg_00c35b,7.5213604
seg_00cc91,2.2880006
seg_00e5f7,4.174148
seg_00f3b9,1.4925866
seg_010eab,5.264851
seg_0125d9,4.041682
seg_0144cb,3.7371416
seg_0165c6,7.803243
seg_016913,2.1211102
seg_016cdb,2.6579175
seg_017314,5.5852466
seg_01a8dc,3.374289
seg_01c775,6.976921
seg_01ecb0,2.004275
seg_02042f,2.3946042
seg_025e78,3.3616772
seg_032822,2.6716814
seg_0339ca,4.775362
seg_037461,2.0132637
seg_038879,6.15157
seg_03d386,0.6584316
seg_03d63e,2.691392
seg_03d680,7.1432595
seg_03f380,1.406566
seg_0445d7,4.944095
seg_046c28,3.1008654
seg_0488a1,5.907645
seg_049957,9.2437315
seg_04a696,6.427239
seg_04ae38,3.8721123
seg_04b87a,6.844012
seg_04cceb,6.8533053
seg_04ee93,6.1673026
seg_04fd93,3.655712
seg_0536c9,2.3728297
seg_055127,4.6205015
seg_05a1b0,3.1615858
seg_05a4ad,6.030006
seg_05b66a,8.874464
seg_05bef4,2.5960264
seg_05e0d7,4.0126595
seg_05f126,7.7131815
seg_05f9d6,4.831402
seg_060ce4,3.4780378
seg_061a33,6.021811
seg_0620e6,4.6379447
seg_063865,5.2691917
seg_065588,3.0370166
seg_06893f,2.9770656
seg_06b8c9,3.5715365
seg_06bbc5,3.8921435
seg_06d4a2,2.8746705
seg_06d7ba,3.3359535
seg_070bb0,2.9900677
seg_071067,2.433733
seg_073696,8.399275
seg_075340,2.5793042
seg_075f77,3.2590575
seg_0775a7,2.073931
seg_077b7e,3.2878544
seg_079e34,2.7676694
seg_07c815,2.4650254
seg_07cd72,4.6243725
seg_07f37c,2.556407
seg_07f8df,2.6969917
seg_07fc6d,6.104742
seg_086a61,7.240892
seg_0870ab,3.4446568
seg_0879a8,6.415818
seg_08b136,5.915541
seg_08f441,1.9260947
seg_08fd5b,4.8135295
seg_091c9d,8.696583
seg_093a0a,6.097828
seg_0968f1,5.4388647
seg_0981f3,2.6098416
seg_09dd59,5.5867515
seg_09ed4e,9.716517
seg_09f0ff,2.4728732
seg_0a0fbb,9.19188
seg_0a1bd0,4.866272
seg_0a42ba,7.973316
seg_0a45a1,1.3454286
seg_0a97c4,3.2844515
seg_0aa0fb,5.6214194
seg_0b07c7,3.857731
seg_0b082e,7.52954
seg_0b32f7,3.4617605
seg_0b3b94,3.9142957
seg_0b48c4,2.658729
seg_0b4b24,1.4186153
seg_0b54ac,2.451112
seg_0b76f5,9.370823
seg_0b9ad8,6.9441366
seg_0b9ba3,8.3789425
seg_0ba210,9.442116
seg_0ba585,2.303898
seg_0bb5fd,3.770929
seg_0bc877,3.3609922
seg_0be6ee,3.2124884
seg_0c12cc,6.087434
seg_0c1d3a,3.1824684
seg_0c247b,4.1704874
seg_0c3943,3.4776046
seg_0c4e31,2.32555
seg_0c74cf,1.3734834
seg_0c8502,8.559028
seg_0c89ce,4.73632
seg_0c9aa8,9.280582
seg_0cb81b,3.1162775
seg_0cca14,2.3867548
seg_0cdcc8,2.3025527
seg_0cf651,2.1311626
seg_0d0250,2.1224284
seg_0d04b9,3.2434137
seg_0d13a7,3.5477023
seg_0d434c,8.137512
seg_0d540e,3.0396376
seg_0d663a,7.771255
seg_0d6d68,3.2336326
seg_0d762e,5.332491
seg_0d833c,5.7545376
seg_0dae4b,2.9733236
seg_0dc38f,1.8673294
seg_0dcc40,4.5262904
seg_0df469,1.8193241
seg_0df75c,9.293934
seg_0dfe8c,3.7911613
seg_0e1370,2.3093803
seg_0e1fbe,2.5760005
seg_0e3739,2.9332798
seg_0e3d44,3.6196759
seg_0e3ed2,2.0613651
seg_0e4833,9.552782
seg_0e7cc5,5.961867
seg_0e8b79,10.222473
seg_0e9987,2.791905
seg_0e9bb3,4.612257
seg_0eb333,2.5508087
seg_0ebfd9,5.0346136
seg_0f565c,2.9525738
seg_0f74a3,5.8579097
seg_0f8961,7.9290795
seg_0fc67a,8.6762
seg_0fca83,2.0043077
seg_0fd3ff,2.707441
seg_1010ad,6.507923
seg_103b32,4.2326984
seg_105cd9,1.7992857
seg_1084af,3.5129
seg_10a595,4.720165
seg_10c09d,7.420247
seg_10f3a6,2.3473985
seg_112b81,4.415861
seg_1144bc,9.218912
seg_114b79,3.066506
seg_115617,3.2285028
seg_115a92,2.1579614
seg_11647f,2.7872584
seg_117278,2.8471909
seg_117ff4,2.889153
seg_11860f,4.907169
seg_1201e8,2.7519906
seg_121446,7.026467
seg_121cba,1.8233227
seg_122ba9,2.291551
seg_123dd4,7.3447046
seg_12ac20,9.3239565
seg_12b9ba,4.590508
seg_12ee6e,3.652956
seg_130e17,2.9770563
seg_13468a,3.5127175
seg_136285,3.8339632
seg_136695,6.5181546
seg_137f8a,6.758835
seg_138807,3.5881505
seg_13c2f0,3.004992
seg_13e25f,5.4167295
seg_140bc5,3.0930371
seg_141f34,10.191971
seg_146926,8.947544
seg_148698,6.249907
seg_14ad27,2.459545
seg_14c054,7.1662216
seg_14c371,7.4435496
seg_14c435,1.685427
seg_14c89d,3.6597369
seg_14c8ce,5.758862
seg_14d1d3,4.15642
seg_14f5f0,6.268636
seg_151368,6.4574656
seg_151d92,3.7825701
seg_153d6a,9.213919
seg_154361,6.477128
seg_1562cb,8.880819
seg_158691,3.2550654
seg_158764,4.734587
seg_15adff,2.3527243
seg_15bf25,5.971796
seg_15c9f9,2.5653517
seg_161aeb,6.7102914
seg_161f5f,3.7169068
seg_162fc4,5.425993
seg_16566c,4.5946536
seg_166f70,9.48626
seg_168d1c,5.77484
seg_16a270,5.3478484
seg_16c3a7,2.222594
seg_17067e,4.229881
seg_170684,7.590088
seg_170a0c,8.257022
seg_176542,5.352271
seg_17799c,6.0030465
seg_179d90,7.302198
seg_17adc0,4.1576543
seg_17d1ff,2.8154354
seg_17e596,5.9217973
seg_180481,5.102863
seg_18096a,4.7689962
seg_1815fe,8.094595
seg_1827c5,10.174144
seg_184222,2.856431
seg_185ad6,6.859877
seg_18d1d0,2.4719365
seg_18d307,1.7033851
seg_18f633,2.8255525
seg_18f853,3.3618882
seg_18fb65,1.4458666
seg_193404,9.09148
seg_19515c,3.3547664
seg_195eda,4.0048857
seg_1969c8,6.1770577
seg_19b08e,2.6734836
seg_19b9dd,4.6764035
seg_19e1ff,4.9398584
seg_19ec5c,10.36022
seg_1a0e94,8.586498
seg_1a0eca,4.74308
seg_1a671a,2.6100132
seg_1a791c,2.852461
seg_1a8e06,2.6191528
seg_1a8f0d,3.1002717
seg_1a8f2c,6.646971
seg_1abcaf,3.6038184
seg_1ac9e2,2.7418115
seg_1ae362,6.017969
seg_1afa29,2.5392618
seg_1b08a4,4.378974
seg_1b1ad8,4.2578654
seg_1b2298,5.8803577
seg_1b78af,2.849264
seg_1baf33,2.0505874
seg_1bd38e,6.9885564
seg_1bf7b3,3.0991538
seg_1c401b,6.6992574
seg_1c4c5b,4.814265
seg_1c4e72,3.0311894
seg_1c849d,4.9846764
seg_1c904f,3.23172
seg_1c929e,3.0035655
seg_1cb942,8.589906
seg_1cd352,3.8778915
seg_1cf1b5,2.054571
seg_1d044c,4.0682793
seg_1d11e5,2.461597
seg_1d596d,2.895808
seg_1d980f,2.4393547
seg_1da819,2.0829048
seg_1db443,4.2018714
seg_1db8e8,8.410124
seg_1dec9c,9.420473
seg_1e0523,2.8160784
seg_1e0b82,7.0742655
seg_1e572b,6.868699
seg_1e617a,1.5909729
seg_1e61d6,1.6061033
seg_1e677e,2.7785456
seg_1eae76,3.3157341
seg_1ebe6b,2.6033344
seg_1ece48,1.6772962
seg_1eeb8f,3.6478662
seg_1ef708,3.42089
seg_1f1e60,7.5436068
seg_1f3d44,5.248847
seg_1f3ede,1.6267644
seg_1f5240,2.649853
seg_1f7cf8,3.270882
seg_1f9aed,3.53426
seg_1fa983,3.2869523
seg_1fc7ab,3.910397
seg_1fe311,8.227207
seg_2005a7,3.8710372
seg_2018c8,9.009683
seg_204dc6,3.6118205
seg_208ba5,2.7358806
seg_2099f4,3.8512006
seg_20a990,2.9209518
seg_20b8d0,5.072612
seg_20cbac,1.9711277
seg_20cc25,1.0265151
seg_20d9de,9.208339
seg_20e9ad,2.9766197
seg_210388,3.7341626
seg_211299,4.7717547
seg_211486,8.299862
seg_214492,1.2717588
seg_217eed,2.5567403
seg_218049,2.240568
seg_21eebb,2.645521
seg_21faa9,9.869221
seg_222c5f,3.27921
seg_225320,9.4546995
seg_226e60,6.89288
seg_229eda,4.1816645
seg_22e509,2.4862752
seg_2313d1,3.45932
seg_232559,7.654431
seg_23323e,2.5163264
seg_2367fb,6.011662
seg_238242,6.0068603
seg_2383c2,4.420466
seg_2396a2,3.3363929
seg_23b123,9.282939
seg_23bdf9,4.5267143
seg_23c947,0.95120424
seg_23efb0,3.6426845
seg_23f823,3.242979
seg_23fe27,6.957273
seg_241266,1.8398186
seg_24157a,4.9086485
seg_24458d,4.012682
seg_2465ce,4.5708466
seg_247262,4.178984
seg_24ba8d,3.0598576
seg_24c078,4.1770415
seg_24c1c9,3.0166419
seg_24e071,2.6804173
seg_24f338,1.5714566
seg_257b8a,4.888461
seg_2597af,2.469075
seg_259c63,3.0292206
seg_259d65,1.9134376
seg_259dd3,9.074055
seg_25aa9f,9.057993
seg_25ab3f,4.2190037
seg_25b38a,6.367608
seg_25c8dc,5.1062818
seg_25cca7,6.50411
seg_25e76d,3.8160713
seg_26049e,8.413267
seg_263deb,2.0595832
seg_263fb3,1.6314279
seg_2642d0,3.4164393
seg_2642d4,4.1281924
seg_264c7d,6.3133454
seg_266805,2.9660845
seg_266c6e,4.478983
seg_266d4e,4.0513606
seg_268249,5.554432
seg_268625,2.054351
seg_268956,2.281199
seg_26a2a0,-0.3306493
seg_26cba3,1.9251306
seg_26edaa,9.463818
seg_2700bd,3.4853258
seg_272a47,1.0008379
seg_274a1a,3.9772363
seg_2774c4,8.692247
seg_279725,10.377192
seg_27a282,4.2614083
seg_27b7c8,6.2517543
seg_27db4d,6.272701
seg_27de37,5.4346304
seg_27f532,7.965593
seg_27ff17,3.381602
seg_280863,1.2959214
seg_280e3b,3.7207437
seg_284223,5.30217
seg_284923,10.622929
seg_287e60,2.7797706
seg_287fef,3.2782128
seg_288001,2.7987633
seg_2883ec,7.806522
seg_289d99,2.6137059
seg_28fc32,4.8582406
seg_29022f,3.6360042
seg_2916e3,7.46133
seg_293dbf,2.6002715
seg_293dc2,2.809024
seg_29475f,3.563992
seg_295b1c,7.237768
seg_2977cd,3.181112
seg_29a073,3.2906826
seg_29acb7,2.720603
seg_29c772,3.8768544
seg_29c906,2.711663
seg_29d497,5.14493
seg_29d4c6,9.034507
seg_29e799,4.569246
seg_2a0ace,9.8688545
seg_2a0afc,4.5516744
seg_2a0dc0,7.259627
seg_2a2f1e,3.7778237
seg_2a4551,5.324853
seg_2a6343,5.9627285
seg_2a8351,2.884068
seg_2aa101,3.312641
seg_2abd33,4.363053
seg_2b2cb3,5.109296
seg_2b372b,3.2894046
seg_2b4959,3.2498527
seg_2b6d52,7.5239034
seg_2ba79a,2.63736
seg_2bcbde,10.262839
seg_2be983,10.025566
seg_2bf5be,7.7983327
seg_2bf9dd,6.576084
seg_2c3203,2.761267
seg_2c5e9f,4.8614135
seg_2c6011,3.5605764
seg_2c69e4,6.837089
seg_2c762c,4.746139
seg_2cac57,8.363558
seg_2cadc0,4.756562
seg_2cdbe3,2.0378714
seg_2d3828,4.1025085
seg_2d402d,2.9738188
seg_2d427f,2.2048151
seg_2d5544,2.8718226
seg_2d7cc4,2.6705775
seg_2d92f0,9.354678
seg_2db7dc,3.9761574
seg_2dc6ff,1.2034334
seg_2dccec,3.1986215
seg_2dcd3a,3.3852124
seg_2dcd84,6.179903
seg_2dfb91,2.0497048
seg_2e2372,5.915371
seg_2e50fb,3.0538895
seg_2e64af,2.8292108
seg_2e71dd,2.4903965
seg_2e88dd,5.287579
seg_2e917f,3.3548594
seg_2e9a47,5.799632
seg_2ea616,3.542418
seg_2eccb9,2.826242
seg_2ece02,2.0633996
seg_2ed79b,3.862848
seg_2eddf6,7.457889
seg_2ee95c,9.142794
seg_2efd5c,7.7674165
seg_2f1664,5.31371
seg_2f4f14,3.4876544
seg_2f5695,2.7640297
seg_2f60db,7.729733
seg_2f86cd,0.08448723
seg_2f8e19,6.8546095
seg_2f8f6d,8.309662
seg_2f9336,4.9973707
seg_2f9581,2.1365943
seg_2fb672,6.8129487
seg_2fe382,3.2681618
seg_301c1e,5.687427
seg_30207d,8.260858
seg_304581,2.960672
seg_304b87,3.904934
seg_304df5,7.6734996
seg_30501b,8.51776
seg_3065ba,2.6496825
seg_30661b,2.4392886
seg_306756,6.7711287
seg_30ad2a,2.495564
seg_30b043,3.2359593
seg_30da11,1.5904205
seg_30fd84,8.574777
seg_310230,3.5178123
seg_31064b,2.9490473
seg_311499,2.7223032
seg_311b5e,2.7320986
seg_3128e6,2.1872716
seg_3151ff,3.4106522
seg_31631c,5.2163396
seg_316f86,4.5949235
seg_318135,1.7364992
seg_31a51f,2.046793
seg_31a6cd,2.8585846
seg_31b808,4.9525456
seg_31c0f4,9.440053
seg_31d763,4.6066055
seg_31d7bf,2.7190804
seg_31d810,6.3669925
seg_31ddc5,6.7410007
seg_3234ca,2.4382415
seg_324447,4.4047475
seg_324537,3.6085014
seg_325790,2.8677301
seg_326eb7,2.7193336
seg_327ed4,1.7501651
seg_32906d,1.9401307
seg_32ad0f,8.376568
seg_32c904,8.463163
seg_32d747,2.8404353
seg_32e763,2.0037649
seg_32f3a9,4.3496404
seg_32f6df,3.5646827
seg_32f72d,4.6112766
seg_32fc4e,9.814172
seg_330579,2.8710873
seg_3319b5,7.1393867
seg_331f2b,8.298549
seg_3340b9,4.0879025
seg_335170,2.6262846
seg_337b8c,2.3773015
seg_339f80,4.002606
seg_33c30d,2.487842
seg_342ce6,7.705049
seg_343571,6.216157
seg_3452b2,2.3033373
seg_34a2b8,4.618405
seg_34a8f7,9.031908
seg_34abd2,2.3469296
seg_34ef79,4.461119
seg_3506d6,2.6157854
seg_35269b,10.111269
seg_355717,3.6527436
seg_355d19,7.6001706
seg_35a2d7,10.039885
seg_35b009,2.3040667
seg_35b753,3.740597
seg_35ba8f,8.363972
seg_35c587,1.7157365
seg_35dd45,9.938434
seg_35ee83,2.1800427
seg_36147d,2.5335965
seg_361f5a,8.943547
seg_3631ec,2.396078
seg_3661de,10.10219
seg_369570,4.1969314
seg_36b77f,8.449895
seg_36e32d,8.01987
seg_3706be,7.005278
seg_373a04,4.9211373
seg_373ba6,2.4207804
seg_37608b,4.538883
seg_3761d0,2.149411
seg_37669c,3.6835728
seg_376908,1.2643584
seg_377134,3.4856496
seg_3788c5,8.788873
seg_37bf85,2.9314866
seg_37f3fb,2.5765867
seg_38001b,2.203354
seg_383b6b,2.782109
seg_383f2e,6.1592135
seg_3865bc,2.9231737
seg_3878d0,1.5875111
seg_389906,5.1477847
seg_38ad16,9.349131
seg_38ee24,4.8341722
seg_392019,5.0218925
seg_39300d,2.6337366
seg_395e0e,8.414083
seg_397983,5.2034845
seg_397dc9,6.9986205
seg_398a25,3.825468
seg_39a886,4.630351
seg_39ad50,0.42813805
seg_3a1600,2.7085242
seg_3a22ac,3.8803904
seg_3a80c5,4.0814595
seg_3a8a76,2.7715206
seg_3aca44,1.4334635
seg_3adb1a,4.129267
seg_3ae4d9,2.8668323
seg_3af649,3.604205
seg_3b2013,1.8471794
seg_3b30fd,7.8774357
seg_3b4414,2.8478892
seg_3b7175,2.8273668
seg_3b7724,9.1168995
seg_3b95d2,10.4302845
seg_3b95dc,2.1905994
seg_3ba485,9.713188
seg_3bb90a,2.3168495
seg_3bc9ed,4.6710143
seg_3bd97e,8.093624
seg_3bf9ac,1.7161014
seg_3bfcf6,4.2864184
seg_3c3ddf,3.18642
seg_3c4106,4.027511
seg_3c64fb,5.3362594
seg_3c8545,2.9676235
seg_3cba49,6.223782
seg_3cbccf,2.692777
seg_3ce740,7.704511
seg_3cfb73,7.683423
seg_3d059a,2.8707147
seg_3d06cc,4.7323465
seg_3d19fc,2.928825
seg_3d1cb3,4.991767
seg_3d1f2e,4.1617036
seg_3d581c,2.3525188
seg_3d6aac,5.7808175
seg_3d6e79,3.8889494
seg_3d9aa0,4.5843577
seg_3db0a8,3.245071
seg_3e00cd,8.929375
seg_3e55d5,2.5966134
seg_3e87b4,1.2998306
seg_3ec967,2.3378644
seg_3edf51,2.235445
seg_3f2086,8.625993
seg_3f3689,2.991568
seg_3f3983,5.3692985
seg_3f5be6,3.2392278
seg_3f80ef,3.7695749
seg_3f99c8,2.6897433
seg_3fb24b,3.9407382
seg_3fc7ca,8.14212
seg_3fdae0,4.4629135
seg_407b2b,3.9679546
seg_40b3aa,2.0206397
seg_40f810,3.3208508
seg_411225,2.1008396
seg_414d0f,4.906286
seg_4185b3,3.8551219
seg_419531,6.0699553
seg_419b2a,7.4117804
seg_41a267,9.266962
seg_41aadc,4.346055
seg_41ab7e,5.977305
seg_41be18,6.5694933
seg_41be7d,4.6525073
seg_41f45e,5.941735
seg_420bcc,4.4186215
seg_420d4e,5.4944906
seg_421a96,3.880603
seg_421da1,6.797943
seg_423ebe,3.2596755
seg_425462,2.646309
seg_42648c,2.6926706
seg_4280d9,9.491041
seg_428d66,2.9428158
seg_42c4c9,1.9395087
seg_42e7e8,3.1801438
seg_42ff14,6.4087944
seg_430e66,5.1930203
seg_43383f,3.6300538
seg_434c96,2.598504
seg_43597f,2.760259
seg_43c6f4,6.3656073
seg_440106,8.716798
seg_4401d8,4.908572
seg_441c6d,7.191648
seg_4435bd,2.613039
seg_447972,3.215726
seg_447b8b,8.413309
seg_447cb3,9.266716
seg_44d3ca,3.2362275
seg_455b16,3.4586897
seg_456149,7.763534
seg_457234,9.771536
seg_45838b,3.467262
seg_4587bb,5.696239
seg_45a8a9,3.8270366
seg_45b051,3.1066191
seg_45e062,10.019612
seg_45e4ed,2.3622086
seg_45e7ad,3.3158448
seg_46012e,7.2040186
seg_460436,6.904826
seg_461ab5,2.311307
seg_461b63,2.4574468
seg_462c1d,6.287687
seg_464839,4.1876154
seg_468bc9,9.852823
seg_468fdb,4.29861
seg_46a42b,2.9715226
seg_46b84d,5.4741344
seg_46c6d3,7.4413786
seg_46dd7c,1.651008
seg_4729a7,3.1388757
seg_4743ab,6.8391294
seg_4743fa,10.69488
seg_476700,2.8284554
seg_476bdb,3.5001144
seg_477c83,4.9393687
seg_478327,3.9682784
seg_47a48f,7.9869537
seg_47d374,3.2995126
seg_47fed6,5.8657393
seg_482745,3.8613217
seg_4848e3,3.7154293
seg_484901,2.3942618
seg_486973,3.6780758
seg_48a4b3,6.595822
seg_48a80c,2.7428975
seg_48b545,6.6971235
seg_48feba,2.2777004
seg_490092,7.851396
seg_490d6e,4.586023
seg_492dc6,2.6958225
seg_49322d,6.5114264
seg_49336f,2.0152214
seg_495573,9.179903
seg_496d07,4.1915717
seg_496dad,1.9368924
seg_49b0cb,9.176844
seg_49d84b,5.5313582
seg_49fdf0,7.2659545
seg_4a2525,7.8452315
seg_4a6096,2.5392818
seg_4a719c,4.51395
seg_4a91a9,1.846709
seg_4a9e6b,5.861796
seg_4a9e8d,7.0819283
seg_4ab7bf,9.8091
seg_4abc29,2.1354692
seg_4acc4b,2.5743868
seg_4ad5a2,4.818297
seg_4ad674,2.9099696
seg_4adeda,8.389295
seg_4ae37c,6.051204
seg_4ae712,9.437137
seg_4b0839,2.4458432
seg_4b4c91,6.5441136
seg_4b4ffb,2.2820835
seg_4b8044,3.7670298
seg_4b953a,2.1331556
seg_4ba3d1,6.58928
seg_4c067a,3.2623882
seg_4c12b2,1.9640317
seg_4c18e2,2.9600363
seg_4c3a2b,6.6888785
seg_4c4995,5.103246
seg_4c65e6,8.347152
seg_4c8db6,7.941337
seg_4ca6de,5.1212993
seg_4cb0d7,3.7488246
seg_4cb9c6,2.3390977
seg_4ce234,5.017739
seg_4d0008,2.9587305
seg_4d0041,6.2623935
seg_4d0c45,4.3760376
seg_4d18f4,1.9084516
seg_4d2671,4.899252
seg_4d53c2,10.284488
seg_4d5a4a,1.5291063
seg_4d7c56,2.8062172
seg_4d8f0f,3.4397202
seg_4db886,7.561831
seg_4db997,2.5086489
seg_4dbbd1,6.0627265
seg_4ddddc,6.087618
seg_4dfa03,2.943361
seg_4e0c4a,9.205684
seg_4e2c66,2.425118
seg_4e3bd7,2.0767949
seg_4e627b,2.7812278
seg_4e9646,5.7051096
seg_4ea3fa,5.037755
seg_4ea81c,2.6360254
seg_4eb127,2.1405628
seg_4eeaef,2.6703887
seg_4eef28,8.226501
seg_4f48b4,2.252451
seg_4f5931,8.559676
seg_4f76a2,2.7891781
seg_4f83a3,7.315358
seg_4fa87d,7.3839345
seg_4fce5b,2.74923
seg_4fd191,2.1509933
seg_500108,3.1038074
seg_5009d9,3.1006334
seg_500c80,4.6735654
seg_502fab,7.3466773
seg_507065,4.2569613
seg_5090fa,6.312867
seg_509d55,2.37268
seg_50a667,1.6738297
seg_50b048,4.4065185
seg_50e270,6.9763713
seg_511d25,6.6665554
seg_512b3e,7.395184
seg_514543,3.3745975
seg_5147e1,2.8292706
seg_514b85,8.825359
seg_5165a4,5.391937
seg_517345,5.0005703
seg_517425,2.4422555
seg_51865e,3.420829
seg_518b1e,1.5375377
seg_51b68c,9.042611
seg_51f0a2,3.5873542
seg_51f6fd,4.415245
seg_521a88,7.667013
seg_523945,3.1882417
seg_524b39,4.387509
seg_5254ce,7.4988847
seg_5255c0,6.9524746
seg_52636c,3.1840053
seg_529be4,2.681089
seg_529c99,3.0172215
seg_52c139,10.547284
seg_530a02,8.178231
seg_53103b,3.157024
seg_5311d1,0.7422334
seg_533613,8.274584
seg_53498a,3.8435125
seg_53a557,2.9463887
seg_53a5fd,3.9571395
seg_53bdf5,6.9243217
seg_53caf1,6.3148994
seg_53d818,2.0162
seg_53e645,4.4531374
seg_53fa13,2.4692023
seg_5407b0,2.398499
seg_5445bc,2.6079457
seg_54490e,6.9876614
seg_545fda,7.2389283
seg_5467c8,6.6858683
seg_546864,8.049848
seg_5470ca,2.592887
seg_5495ca,1.4919866
seg_54af0d,1.7297672
seg_54b0ee,6.4570694
seg_54d0f3,2.7076209
seg_55239a,2.4947426
seg_552b8e,10.092848
seg_5559d9,2.1442218
seg_555f63,2.5024366
seg_5597ed,2.4425683
seg_55a0c3,4.1276855
seg_55a9a4,4.8265567
seg_55b566,2.2241404
seg_55d50b,3.1296976
seg_561cf4,1.5965974
seg_563059,5.484815
seg_5639b3,3.4259381
seg_566efe,9.448985
seg_56e3e7,9.894694
seg_56e6f1,3.663314
seg_56ebc7,2.9821942
seg_570a20,3.6525364
seg_570d69,8.432394
seg_572172,4.6428704
seg_5759c9,5.045378
seg_5765b6,5.358592
seg_578e84,8.454452
seg_57908c,3.2063344
seg_57b6c0,3.4073474
seg_57dd68,8.112732
seg_57ea44,2.4111767
seg_580b65,5.376398
seg_581fac,2.2865214
seg_585872,6.6484623
seg_586726,3.2004914
seg_586c0f,2.6767106
seg_5887a8,7.797198
seg_588f61,3.2619145
seg_58d52d,8.900924
seg_58e74b,2.6930583
seg_58e9f9,8.144554
seg_58ea74,8.153139
seg_59058a,3.1963563
seg_590fa5,5.1024303
seg_591954,8.442077
seg_5924f5,3.7094123
seg_592807,6.0322013
seg_593c34,2.666088
seg_5965d8,3.520677
seg_596ae3,5.3760524
seg_5975f4,2.9354718
seg_597bd6,5.671332
seg_59818b,4.917278
seg_59cd7d,2.869412
seg_59cfdb,8.775496
seg_59d484,3.9616196
seg_59de0b,1.1080623
seg_59e1db,5.660967
seg_59eb97,4.3724785
seg_5a0479,4.4103365
seg_5a1adb,3.5610852
seg_5a242e,6.0273438
seg_5a67b5,6.759786
seg_5a947e,2.9484062
seg_5abfdd,2.8702781
seg_5ad847,3.4375474
seg_5b392b,2.6790602
seg_5b7325,3.3386576
seg_5b8c39,2.6768095
seg_5bc0b0,7.831661
seg_5bd9ae,4.1856203
seg_5bdb47,3.3472621
seg_5bfbf0,3.596941
seg_5c0929,2.8733864
seg_5c1a4d,3.3990161
seg_5c530f,2.9334645
seg_5c57a8,1.7406913
seg_5c8ae5,4.245628
seg_5c9077,5.956895
seg_5cd98b,2.1378717
seg_5cde88,1.865385
seg_5cfba9,7.4483023
seg_5cfdc4,4.8635926
seg_5d333e,7.941289
seg_5d45db,4.7913804
seg_5d92af,5.83595
seg_5d94b2,3.2885513
seg_5e020f,3.67695
seg_5e0902,3.1523247
seg_5e1bba,3.8450456
seg_5e541f,1.7965115
seg_5e635a,2.4002657
seg_5e668a,7.775337
seg_5e70a7,7.1741986
seg_5e7abf,2.228022
seg_5e8ef4,5.8690715
seg_5eb380,3.1178873
seg_5ec0e3,7.449316
seg_5ed47e,8.359085
seg_5ef47e,5.2221503
seg_5f0a92,3.7223115
seg_5f24d3,6.5697775
seg_5f352e,3.2631686
seg_5f355e,5.726588
seg_5f46a5,8.30203
seg_5f7fd9,3.343562
seg_5fe414,2.9731257
seg_60277f,3.2964122
seg_6074f9,4.1667414
seg_607559,5.7402215
seg_60ab20,8.327337
seg_60b696,3.2314472
seg_60dacd,9.217532
seg_60df2a,5.6750417
seg_610379,2.7048795
seg_61219c,3.0574777
seg_613702,3.7716858
seg_614b50,2.4220436
seg_6153ca,10.100022
seg_6167f0,3.6211207
seg_616c8b,9.621641
seg_61b50d,2.5942533
seg_61f504,2.7632794
seg_620ee4,3.3351989
seg_622e9d,2.8976889
seg_62331a,3.0845487
seg_6262c4,6.1655135
seg_629822,3.5428805
seg_62a403,9.294798
seg_62c582,3.7696462
seg_63130f,10.02743
seg_633651,4.233223
seg_634180,2.8663778
seg_634f05,2.9559457
seg_635770,6.1441584
seg_63582a,9.823181
seg_63c13d,3.3079207
seg_63c518,1.7967308
seg_63c8e4,10.847385
seg_63c983,1.9282355
seg_63c9a3,5.268467
seg_63d651,2.6999164
seg_6422d1,5.5787053
seg_643d1f,4.6715775
seg_643f86,7.2349024
seg_64bcb9,8.088087
seg_64be5d,8.800008
seg_64be91,8.568663
seg_64daae,2.5396254
seg_64dcf0,4.9210486
seg_64f8dc,3.6348543
seg_650de2,2.7607238
seg_651808,2.77523
seg_652cc2,3.2505414
seg_655780,2.1979954
seg_655ad6,6.4640284
seg_655cae,3.192826
seg_658bf4,2.2244866
seg_659ff8,3.1834717
seg_65b962,2.9350471
seg_65c4e1,5.528678
seg_65ef95,3.1829338
seg_65f01e,9.290269
seg_65fbac,7.379345
seg_660fe1,1.4773569
seg_660fef,4.814488
seg_661629,2.738669
seg_666056,2.7381687
seg_6681ee,2.1520214
seg_66820a,3.1917412
seg_6696d0,2.4243712
seg_66b7c3,6.3734894
seg_66e45a,3.6891747
seg_66ed4d,2.3114579
seg_670bde,1.4782366
seg_67330f,3.41684
seg_673c60,2.596792
seg_67599b,4.7408676
seg_679dd2,5.7010703
seg_67aa76,3.6144
seg_68102c,8.609798
seg_683ddf,2.6686177
seg_686edc,3.940615
seg_687a5c,2.4325333
seg_68a484,8.27711
seg_68da94,3.293331
seg_691a72,4.897945
seg_692e7a,7.05803
seg_6951e0,2.8162706
seg_695380,2.3685036
seg_696621,3.1330507
seg_6968c8,3.1436934
seg_69787a,5.9479365
seg_69a230,2.5677807
seg_69a53e,4.18613
seg_69dbad,4.9558644
seg_6a05e7,2.7671578
seg_6a116b,4.4975047
seg_6a26de,1.784779
seg_6a45a0,2.4065077
seg_6a4ad1,7.660849
seg_6ab188,5.3687463
seg_6ac67a,2.8382943
seg_6ac82a,3.3333352
seg_6ae32d,2.286283
seg_6b0107,5.270858
seg_6b2ce0,4.6263995
seg_6b3a9d,3.2682376
seg_6b4e04,9.174849
seg_6b536d,3.7285457
seg_6b9511,6.4049425
seg_6b9d02,3.1040878
seg_6be48e,1.9973955
seg_6c292b,4.8979588
seg_6c309f,2.6053224
seg_6c34c2,2.7626753
seg_6c8a45,3.0909922
seg_6c909f,1.9317498
seg_6cfb76,3.033791
seg_6d01a3,6.3095512
seg_6d35cd,2.2816238
seg_6d36a1,8.616602
seg_6d4109,6.166545
seg_6d4fa6,3.4042344
seg_6d6fad,3.19459
seg_6da1ff,4.847703
seg_6dac5d,9.242558
seg_6dd0fc,2.5789633
seg_6de4fd,8.635305
seg_6de935,10.104163
seg_6df48e,7.3041887
seg_6dfab7,3.4354534
seg_6e12ae,3.756596
seg_6e12ee,2.8939357
seg_6e1ee7,6.4901795
seg_6e572a,2.999023
seg_6e5a38,1.3268121
seg_6e7f73,8.685604
seg_6e98aa,2.4797444
seg_6eb146,7.316847
seg_6ed49a,6.929378
seg_6edcb8,3.7837965
seg_6eedcc,7.180201
seg_6f17de,1.1898564
seg_6f2222,2.7968717
seg_6f3d90,4.135998
seg_6f60b2,3.469237
seg_6f650f,9.133813
seg_6f9a98,5.266057
seg_6fb17f,4.6767626
seg_6fc3ef,8.01283
seg_6fc8b3,5.062816
seg_6fd5bb,6.5630436
seg_7012af,9.344479
seg_7020c5,5.990642
seg_702e03,2.1990042
seg_703cea,6.0515437
seg_705463,3.6327863
seg_708349,8.260433
seg_70991d,3.9010375
seg_709b6a,8.202265
seg_709d08,4.713219
seg_70a60e,3.5410316
seg_70b375,5.9657226
seg_70be4d,9.716785
seg_70e891,3.6029868
seg_70edf5,5.4353356
seg_70fb30,10.511979
seg_7120ac,5.033358
seg_71238c,8.27112
seg_71348a,1.3020413
seg_715e2c,5.414343
seg_715ff6,6.541049
seg_7189ca,6.4498434
seg_718b53,2.0959237
seg_71936f,3.8114057
seg_71b4e0,3.8630996
seg_71b975,3.328587
seg_71c9e9,2.6825109
seg_71f571,3.4340286
seg_7211f1,6.2794905
seg_724df9,-0.33714852
seg_725772,6.4161205
seg_725e84,3.191932
seg_727fc7,3.089987
seg_72858d,2.690264
seg_72859b,3.093686
seg_72aba8,4.169515
seg_72b68c,8.39213
seg_72c307,6.037439
seg_72ebda,5.585993
seg_72f40a,7.075217
seg_730ebe,2.4856184
seg_734a88,7.359444
seg_73565e,2.9273643
seg_735cdd,3.244267
seg_73858d,9.434515
seg_738be6,3.0299947
seg_739643,6.2715373
seg_739679,2.99364
seg_739856,8.763952
seg_739fb0,2.9450033
seg_73ab4a,2.2991607
seg_73b0f7,5.996595
seg_740837,3.1899426
seg_741fc1,6.755112
seg_74235f,4.4091144
seg_7428e7,4.782153
seg_743775,5.068787
seg_74537f,3.7952569
seg_746d1d,2.6838338
seg_7480f4,7.998157
seg_74b264,2.2218928
seg_74b3bd,5.1950297
seg_74ce61,7.048941
seg_74d58a,7.3729005
seg_74d8cc,3.800084
seg_74dda9,5.204738
seg_74f330,1.9836262
seg_74fcfc,8.0288515
seg_74ffde,4.2548714
seg_750244,5.29354
seg_750c93,2.8615308
seg_750d20,4.7468214
seg_750e7e,6.166158
seg_75211e,4.715069
seg_753190,6.2327905
seg_753ba6,1.7704759
seg_7540f3,4.5221457
seg_75438e,4.3654504
seg_755d50,2.409727
seg_75654d,2.702694
seg_758374,1.5106523
seg_758ca4,2.6770225
seg_759fb1,3.9660437
seg_75a878,3.2489686
seg_75c34b,3.7852826
seg_75cd6a,2.2789457
seg_75dc3e,3.1805294
seg_75e669,1.9220887
seg_75e93c,2.5532646
seg_75eb90,6.633406
seg_75ffc9,4.9153824
seg_760d70,2.6449406
seg_76106f,9.516178
seg_762188,9.248039
seg_762be4,4.3144555
seg_7630c5,8.779757
seg_766e42,1.9888185
seg_76b76f,8.987825
seg_76c2fa,3.520171
seg_76d16c,5.7231784
seg_76e914,2.996911
seg_76f1af,2.9201632
seg_76f3f2,7.2240167
seg_76f76d,3.7656245
seg_774ad2,2.6170135
seg_77bf79,2.468283
seg_77c546,2.2758071
seg_77db7b,9.075106
seg_77dbe7,3.199952
seg_77df38,5.3797164
seg_77e7bf,2.651439
seg_77ea14,2.5629637
seg_77f9e3,2.7870147
seg_77fe77,4.2196574
seg_7848f8,0.22537515
seg_7862ed,3.5091174
seg_786ff6,4.776749
seg_78852d,3.9007506
seg_78addc,7.3132896
seg_78d817,4.3153687
seg_78db0a,8.476548
seg_78ded2,2.705394
seg_78fc4b,5.577555
seg_790108,5.2494025
seg_7949da,1.4283943
seg_79c47a,3.1508229
seg_79dc90,6.57078
seg_79e301,2.0549543
seg_7a09ec,4.6710773
seg_7a521c,2.8479695
seg_7a5243,4.376399
seg_7a9228,2.0037959
seg_7a9f2b,-0.16272959
seg_7aeca4,6.3889117
seg_7b0936,9.289518
seg_7b2994,3.2776954
seg_7b3017,8.283104
seg_7b5f90,5.1838164
seg_7bb771,4.2732954
seg_7bec10,8.648334
seg_7bf143,2.5572128
seg_7c0376,2.1786487
seg_7c10c1,3.3423965
seg_7c2beb,6.5081997
seg_7c2c48,2.2051754
seg_7c6c31,6.5406404
seg_7c88d1,2.3631117
seg_7c9433,3.327298
seg_7cb417,3.5595908
seg_7cbb45,3.7876637
seg_7cd6b1,3.1126173
seg_7cdfe5,2.267774
seg_7ce9cb,4.7360787
seg_7cef95,5.8813014
seg_7d17eb,8.207078
seg_7d2535,2.7926612
seg_7d2e57,6.1333
seg_7d65c7,7.3636403
seg_7d718e,8.486458
seg_7d88e3,7.8103065
seg_7d994f,2.51218
seg_7ddc30,8.961494
seg_7df3dd,4.2810426
seg_7e3b3e,2.5944514
seg_7e9eb7,10.589907
seg_7eb108,9.284662
seg_7ebdc3,2.408584
seg_7ed2dd,2.8992486
seg_7ef97b,2.0832045
seg_7efdd5,5.7855496
seg_7f3ab0,2.972349
seg_7f5b6f,9.029134
seg_7f786b,3.1311736
seg_7f93b2,3.607568
seg_7f9b3a,3.2050552
seg_7fa6ec,1.5526674
seg_7fac26,8.279472
seg_7fd3a3,2.5279846
seg_7fd6b7,7.7287364
seg_80211c,7.701802
seg_804fb5,4.4129586
seg_80622d,5.978738
seg_807901,2.7200742
seg_80b9b4,4.7056584
seg_80fb86,3.5623155
seg_812962,2.368527
seg_812a50,3.923373
seg_813aab,2.7131395
seg_814b1f,2.4845297
seg_816b7a,2.282311
seg_818382,3.9613435
seg_81a8ea,8.010293
seg_81bebd,7.065515
seg_81c1a6,8.980068
seg_81c432,2.9788713
seg_81f798,2.2913334
seg_8200d2,1.9372969
seg_82303e,3.3490722
seg_82316b,3.3159485
seg_8244bf,3.5958452
seg_82456a,2.4113228
seg_826208,4.2624135
seg_827804,2.6568725
seg_827a21,2.6065536
seg_827c07,2.200611
seg_82c138,5.1839485
seg_82ce27,3.306641
seg_82d7b6,3.2111793
seg_830cff,3.6952333
seg_8310ea,5.7225127
seg_8324a4,5.955978
seg_8328f5,3.3161373
seg_832a4d,2.3820965
seg_8344ee,2.6937144
seg_8353f5,8.1438875
seg_836aac,2.8744025
seg_836ef0,3.074379
seg_83bef8,3.243347
seg_83cb2c,2.0313017
seg_83dc2e,9.924362
seg_83ef67,7.3536644
seg_83f476,3.9885354
seg_83f89e,6.9022593
seg_83f928,8.552311
seg_8456d3,3.4284472
seg_845a2a,8.735625
seg_8472f3,10.152596
seg_848695,2.159092
seg_84a65d,8.278913
seg_84b9d9,3.2423136
seg_84c7fb,4.6346264
seg_84fc12,8.616574
seg_8509db,4.1381216
seg_850d95,3.4672794
seg_8515fd,3.3861158
seg_853302,6.8230014
seg_854d91,7.7908177
seg_857304,2.8287067
seg_85762d,5.4825177
seg_8599ec,2.5823903
seg_85c1c0,2.2591417
seg_85e90e,7.6012616
seg_85e9c6,7.2414713
seg_85fb0a,2.8695
seg_864fcf,1.6523949
seg_8658b3,6.267132
seg_86720f,5.8977475
seg_8681aa,6.401878
seg_86892f,3.7950473
seg_868c85,4.716039
seg_86cfe9,6.9206734
seg_86d847,9.17835
seg_86e874,2.215704
seg_87232d,5.4085803
seg_876904,5.061377
seg_8773cf,2.3160267
seg_8777bd,9.322775
seg_8785e2,4.6696963
seg_878d2c,8.665753
seg_87a616,2.3958857
seg_87a67a,4.7886434
seg_87e4e8,2.1280196
seg_87f6c8,6.031869
seg_8826f4,1.8891561
seg_885f53,5.471962
seg_8866f0,2.2647066
seg_88a81d,3.298202
seg_88b289,9.564765
seg_890181,5.2468214
seg_89791c,3.566693
seg_89885a,2.8197618
seg_899bf0,4.0516696
seg_89b090,1.4896158
seg_89d8a0,2.634733
seg_89e207,4.5395513
seg_89eed6,2.3842125
seg_89f975,2.8474844
seg_8a3306,3.0738838
seg_8a41bf,3.1711795
seg_8a6b0e,3.2342737
seg_8a7201,2.707317
seg_8a8220,5.5123153
seg_8a8375,5.8065653
seg_8ab3a7,2.6138692
seg_8ae847,3.4789374
seg_8aeb99,8.130404
seg_8b39c4,7.0623107
seg_8b798b,8.214857
seg_8baeab,3.1403909
seg_8bc20c,1.0803655
seg_8bde47,8.160799
seg_8be2da,5.57374
seg_8be76c,1.0188211
seg_8bec6f,4.4282684
seg_8bf229,6.0253
seg_8c0114,2.7856367
seg_8c1760,7.057996
seg_8c1cca,3.0079906
seg_8c1e7d,2.5387826
seg_8c341c,7.1814284
seg_8c6d4e,3.6989148
seg_8c6e34,2.633014
seg_8cd159,3.335236
seg_8cdf83,2.647318
seg_8ce632,2.2969108
seg_8cf573,4.6586795
seg_8d030a,3.0294492
seg_8d135f,6.334013
seg_8d3a9d,6.3751674
seg_8d4435,3.2465413
seg_8d4965,4.5304456
seg_8d5113,3.8060632
seg_8d6578,3.0494292
seg_8d6a7d,2.8909183
seg_8da61a,6.423939
seg_8db6f0,5.5930543
seg_8dcf3c,8.011588
seg_8dd2ab,2.684917
seg_8dd3ba,2.6956975
seg_8dfc7e,2.4335613
seg_8dfd7a,2.3556159
seg_8e5704,7.053466
seg_8e6a3f,5.489654
seg_8e7194,4.498862
seg_8e7fca,4.1771216
seg_8ebdea,7.899404
seg_8f1127,2.107618
seg_8f25b0,8.990382
seg_8f3247,6.7568994
seg_8f3dfe,4.2706776
seg_8f4654,4.0971727
seg_8f4781,2.9505596
seg_8f5589,5.503368
seg_8f592b,9.000437
seg_8f6284,2.285945
seg_8fb0d0,4.9010844
seg_8fb29e,8.363827
seg_8fb828,7.952159
seg_8fc754,6.5696273
seg_8fd465,1.3977277
seg_902074,6.2031446
seg_902bc1,6.206536
seg_903aba,8.076936
seg_907c52,4.0633664
seg_90a0be,2.5791056
seg_90b174,1.5133737
seg_90bf60,8.65819
seg_90c258,10.123848
seg_90e904,2.335614
seg_90ec68,9.983666
seg_90ef18,9.3506
seg_911066,2.2662263
seg_9122aa,3.4663577
seg_913ffc,3.8288708
seg_914a62,2.672557
seg_91596c,6.16325
seg_915b3e,2.7502928
seg_91607c,2.8476603
seg_919a6a,0.96276957
seg_919c5c,2.425423
seg_91bf8c,1.2509582
seg_91cff2,2.1355777
seg_91eaeb,3.7084448
seg_91f512,2.2282045
seg_91f664,3.4025435
seg_91fc29,3.560464
seg_920132,7.828271
seg_92092a,4.4728107
seg_922914,4.6301117
seg_922990,3.3280673
seg_92310f,3.959787
seg_929ded,5.332505
seg_92a5f1,4.3025823
seg_92af10,7.0404644
seg_92b095,1.5948114
seg_92bd37,4.1049557
seg_92be9f,4.242324
seg_931244,9.80378
seg_93211c,5.5926633
seg_932828,8.161415
seg_934087,1.9879798
seg_939f5c,4.6743436
seg_93d864,4.460327
seg_93f935,2.4618564
seg_941759,6.152093
seg_943de0,9.4608965
seg_944c98,2.246866
seg_945bc8,2.4695141
seg_946d71,8.985635
seg_946d9a,3.4759715
seg_947700,3.0550957
seg_9485c0,2.708461
seg_94a133,3.9541736
seg_94aa0a,4.6672225
seg_94c48c,5.4674034
seg_94d150,1.8677839
seg_94d573,6.4148664
seg_94ecad,8.374515
seg_950048,4.924266
seg_952faa,3.270934
seg_95357d,3.0037692
seg_95644e,4.947036
seg_957ece,-0.0043837344
seg_95b321,3.2764516
seg_95f45e,7.414456
seg_961d02,2.3071365
seg_961ddf,2.2532933
seg_9626a4,2.2932239
seg_96642e,2.7120717
seg_966f3d,3.0349565
seg_967ae4,6.9194794
seg_96cd5d,2.392041
seg_96dab2,8.050729
seg_96db5e,4.3022175
seg_96fa35,3.5551674
seg_970b35,3.2720847
seg_970e86,8.730169
seg_974049,2.9231572
seg_9757ac,8.012939
seg_979a8f,1.9230293
seg_97a161,3.6853065
seg_97ad82,6.44511
seg_97d9ed,7.743987
seg_97e4a9,7.682031
seg_9802c3,3.6099432
seg_9825e0,5.1106553
seg_983778,8.936098
seg_986976,5.146032
seg_986b6e,8.41064
seg_9872f9,3.6112843
seg_988e69,2.237917
seg_98a819,4.5700393
seg_98be13,4.090376
seg_98c0b6,2.1737628
seg_98c44d,2.2621832
seg_98c544,2.7415655
seg_98ebaa,8.302233
seg_98f624,8.078094
seg_9940e8,10.558441
seg_996c37,8.609598
seg_99ccbd,1.7098331
seg_99f677,4.299989
seg_99f76c,3.1881492
seg_9a1a4f,3.2967901
seg_9a1c76,2.8654644
seg_9a43ef,7.4791045
seg_9a6025,4.729626
seg_9a74d8,3.3077445
seg_9a7c46,4.2221246
seg_9a7d1d,2.143845
seg_9a812d,3.4050894
seg_9a81a3,5.4105577
seg_9a8a1f,2.4137983
seg_9a9041,5.4158015
seg_9a92db,3.9351866
seg_9aa6e2,2.6774585
seg_9ab405,2.124658
seg_9ad261,4.147014
seg_9ad925,7.9421864
seg_9ae1a1,9.96405
seg_9b0439,4.328044
seg_9b44d2,9.919669
seg_9b7ef8,9.559517
seg_9b7f93,3.5357976
seg_9bab11,10.115938
seg_9bd388,5.7410483
seg_9bee43,1.4418442
seg_9c00d7,8.207124
seg_9c090f,2.4131293
seg_9c2843,1.7222077
seg_9c3d6a,7.7139125
seg_9c3ef8,4.7345047
seg_9c635d,8.951443
seg_9c6715,2.3399496
seg_9c8162,4.487118
seg_9c8bc8,3.089491
seg_9ca72e,2.4824183
seg_9caf50,7.955691
seg_9cb464,2.8002198
seg_9d1b26,3.934904
seg_9d1dbe,8.06298
seg_9d2528,4.1979494
seg_9d3013,6.980232
seg_9d452d,3.7280486
seg_9d57a1,6.0469785
seg_9d68cf,1.9310075
seg_9d6ff0,3.0032609
seg_9d7490,3.6817293
seg_9d79d4,3.1038365
seg_9dcae1,3.924322
seg_9ddc99,3.9599335
seg_9dea8d,5.6850247
seg_9df32d,2.639728
seg_9e25e9,3.484555
seg_9e3837,1.6364084
seg_9e61da,2.7261436
seg_9e7dff,2.9960155
seg_9e8323,1.9561064
seg_9e8ca4,7.2198005
seg_9e962b,5.661078
seg_9ee0aa,6.740465
seg_9f042e,5.1640983
seg_9f12c6,3.8148947
seg_9f22a0,6.8489895
seg_9f4fd4,8.506735
seg_9f57c4,5.8957434
seg_9f6315,2.4631517
seg_9f7542,7.6885557
seg_9fc7c2,2.368158
seg_9fd9b8,5.4766483
seg_9fe8b9,5.111737
seg_a00985,4.901923
seg_a009e6,4.997317
seg_a03e6a,2.5708065
seg_a05c22,2.1567008
seg_a06228,4.5757394
seg_a0646a,1.0948822
seg_a0979e,5.602246
seg_a0a423,2.5182838
seg_a11dd5,2.7390442
seg_a12acb,2.7476397
seg_a133bc,2.6001964
seg_a14212,2.1642845
seg_a16a1b,3.4291644
seg_a173d8,2.832115
seg_a18246,5.400955
seg_a1a511,1.4677126
seg_a1acb2,4.0062265
seg_a1b3cc,2.6110978
seg_a1d8da,5.5377107
seg_a1e5b0,6.748036
seg_a1edc1,2.7294865
seg_a247ac,8.44985
seg_a25c46,2.3409674
seg_a2986f,5.9030137
seg_a2c108,8.228582
seg_a2d47d,3.3333535
seg_a2e2c8,3.0364187
seg_a2fd8b,3.4669366
seg_a31d6e,6.0782747
seg_a31fe3,7.5228353
seg_a35c82,6.280789
seg_a35e7c,8.656454
seg_a39ebc,2.4339213
seg_a39f3b,6.5137386
seg_a39fa8,9.224594
seg_a3ab46,3.8236635
seg_a3d4d6,2.8472261
seg_a41c2c,5.390013
seg_a4208a,4.206665
seg_a420d4,3.5960364
seg_a436bc,7.9044714
seg_a437cb,2.5957167
seg_a45455,3.2437701
seg_a47cce,6.357855
seg_a489e1,5.428064
seg_a49ccc,3.3683634
seg_a4ad7c,8.120594
seg_a4e745,7.297523
seg_a50d28,9.14087
seg_a5271e,3.0375924
seg_a53e4c,3.8045537
seg_a543e5,6.5551324
seg_a55540,9.357576
seg_a55a17,2.846575
seg_a56c04,4.5172353
seg_a58a6e,2.877757
seg_a5934a,8.5573635
seg_a5d37f,3.0893097
seg_a5dea6,9.695513
seg_a5f4dd,4.5629373
seg_a5fbcc,3.2367332
seg_a61e1c,3.0223553
seg_a63573,3.7203193
seg_a674d2,6.369841
seg_a68007,2.7521818
seg_a68ffb,4.599611
seg_a69246,10.614388
seg_a6959c,6.4758744
seg_a6bf91,5.039283
seg_a6c5cc,2.858945
seg_a6cd86,3.104735
seg_a6e801,2.316575
seg_a6e99c,1.8118391
seg_a6eed3,1.9501963
seg_a704ee,5.6359334
seg_a7561c,1.673746
seg_a7b454,3.442871
seg_a7d0eb,3.6081169
seg_a7e49b,4.885538
seg_a80123,2.4006066
seg_a802fa,6.991566
seg_a80f6f,3.8693447
seg_a82229,6.0804033
seg_a84c13,3.9688792
seg_a86231,3.439343
seg_a8685e,6.2571373
seg_a86a05,5.838872
seg_a87e79,2.7013316
seg_a88097,8.850099
seg_a88dde,6.7973557
seg_a8bb2f,3.9125764
seg_a8ddf7,1.469868
seg_a8e6df,3.781933
seg_a8e71a,2.0582125
seg_a9089b,2.0932062
seg_a91c03,5.626657
seg_a93a88,7.2291045
seg_a96b47,2.269191
seg_a975df,2.4893246
seg_a99161,2.7933495
seg_a99799,2.956763
seg_a99be9,9.736789
seg_a9a820,3.13535
seg_a9b957,3.9005342
seg_a9f80e,6.4562783
seg_aa0180,2.915301
seg_aa1adf,4.2062755
seg_aa508a,2.6814544
seg_aa78e0,4.5483136
seg_aa7a4b,5.603098
seg_aa98cc,0.75315034
seg_aa9b8e,5.6624317
seg_aaa2ae,3.3025105
seg_aabc52,9.292265
seg_aae025,7.0239577
seg_ab001b,3.7413342
seg_ab15ad,5.102338
seg_ab2a78,1.5605257
seg_ab3f14,6.7015333
seg_ab4bca,2.8362985
seg_ab644e,4.2145467
seg_ab70bd,5.46238
seg_ab9654,9.74418
seg_aba501,1.8184623
seg_abaad2,6.9902434
seg_abb03a,3.7907655
seg_abb06a,5.6333103
seg_abc5fd,5.3251486
seg_abda04,7.6636806
seg_abeca6,9.883596
seg_ac45ae,6.4375453
seg_ac5c61,8.229952
seg_ac68bb,2.3590078
seg_ac9de5,3.3909621
seg_acd715,10.858788
seg_acf2f4,7.351409
seg_ad3a44,1.9052281
seg_ad3cf0,3.3278954
seg_ad591c,6.480085
seg_ad759c,2.1231997
seg_ad82ca,4.397821
seg_ad949a,3.293765
seg_ada42c,2.0822403
seg_ada81a,9.369267
seg_ade769,5.2454667
seg_adf94a,2.4232764
seg_adf986,4.536513
seg_ae32a6,3.8978128
seg_ae3388,5.470884
seg_ae3d92,3.0423791
seg_ae42b3,9.858105
seg_ae9626,2.1917386
seg_ae9761,9.248713
seg_aec276,8.664893
seg_aed434,4.797819
seg_aee7c0,6.798328
seg_aee9bf,3.5272396
seg_aeeb31,1.6838803
seg_af1650,1.9063712
seg_af2472,2.3475444
seg_af6204,4.441587
seg_af703b,9.319901
seg_af959f,7.099982
seg_afa4a1,7.1191278
seg_afadfb,5.3730373
seg_afca81,3.333056
seg_afd665,3.4993773
seg_b00f05,5.747087
seg_b02e31,7.228443
seg_b03de5,10.007335
seg_b08e9d,10.634502
seg_b0a794,3.3256707
seg_b0bf65,1.6558522
seg_b0cf32,10.146945
seg_b0d251,3.771794
seg_b0f9cd,6.0930643
seg_b108c9,2.7945206
seg_b13220,1.7240742
seg_b13fb9,4.900144
seg_b197e2,3.567436
seg_b1a35c,6.5307827
seg_b1b95e,3.6595116
seg_b1fea8,2.447474
seg_b20487,9.874863
seg_b21273,3.7033458
seg_b23489,3.4547143
seg_b253ee,2.224292
seg_b25dde,1.6009353
seg_b26368,2.6818662
seg_b284b2,2.5903122
seg_b291c0,3.1891098
seg_b2b29d,6.1973615
seg_b2b331,2.8559625
seg_b2e045,3.420206
seg_b31961,2.9513307
seg_b32d1d,3.1962743
seg_b35174,-0.27815548
seg_b36650,4.1215267
seg_b36c8a,2.645223
seg_b378bc,2.0688698
seg_b3883e,3.872334
seg_b3cf21,3.745098
seg_b3d886,3.2085977
seg_b402ac,4.1361475
seg_b41d3c,2.5448682
seg_b42170,2.6932886
seg_b4402d,9.042687
seg_b44c2e,6.0345836
seg_b47c19,4.362369
seg_b4c040,1.8919159
seg_b4cb44,7.981558
seg_b4f7a8,4.2813067
seg_b50239,2.6811404
seg_b51380,8.856493
seg_b51b7c,3.9022202
seg_b52710,3.7391868
seg_b52add,9.628872
seg_b52dac,3.2809243
seg_b54024,2.0023484
seg_b568c6,6.133491
seg_b57e76,4.1991134
seg_b5804a,2.1269279
seg_b58542,2.5428104
seg_b5a447,5.004359
seg_b5aee9,2.866088
seg_b6254c,2.3360088
seg_b63de1,1.5635144
seg_b64c9c,7.0461826
seg_b66b87,3.3274572
seg_b686e5,2.3526504
seg_b687fc,2.6660686
seg_b691c5,2.198836
seg_b69455,8.630834
seg_b695b3,3.1491451
seg_b6bdaa,5.3246007
seg_b6c10d,4.724287
seg_b6cb2b,2.7781389
seg_b72413,6.55466
seg_b735a5,5.926887
seg_b77bf5,9.913613
seg_b782c7,6.822918
seg_b78883,10.409223
seg_b7a8a1,5.338185
seg_b7b098,1.9764082
seg_b7da0a,3.3494625
seg_b7eeb6,5.529957
seg_b80358,7.6527386
seg_b80366,6.358929
seg_b80b89,3.9213598
seg_b8141c,3.665209
seg_b853c1,6.788117
seg_b853f8,3.6701562
seg_b86ce1,3.2649422
seg_b8725b,1.7338259
seg_b8745c,8.483467
seg_b87cf5,7.595385
seg_b88baa,5.517994
seg_b89218,8.429371
seg_b89e47,2.1703768
seg_b8b72f,2.9109974
seg_b8bb87,9.771324
seg_b8fd73,10.400624
seg_b91011,4.530973
seg_b917b5,4.6989217
seg_b91ae2,2.4023123
seg_b9361a,3.1610246
seg_b9365c,1.8885044
seg_b947ae,3.616357
seg_b95010,2.8474908
seg_b95a77,8.660454
seg_b9619c,4.105972
seg_b9ad7f,4.395412
seg_b9bdd7,3.050332
seg_b9d8a0,5.5056458
seg_b9de03,3.187313
seg_b9ec4b,3.4049273
seg_ba0485,8.092841
seg_ba1d68,3.134009
seg_ba2c48,3.3700218
seg_ba3c47,2.0134175
seg_ba3e74,1.9355009
seg_ba4ea3,8.583557
seg_ba5e7e,1.9229832
seg_ba83da,3.9336345
seg_ba941e,6.7828975
seg_ba98dc,1.6095748
seg_ba9dbf,3.8917537
seg_baa745,5.2928357
seg_bb171f,6.5519676
seg_bb180c,2.894583
seg_bb2d77,2.1069062
seg_bb5e15,2.2413437
seg_bb6904,2.7933252
seg_bb6fcb,4.6912394
seg_bb92b1,4.903316
seg_bbb01e,6.3593445
seg_bbbc30,2.414723
seg_bbf805,2.8818345
seg_bbfd4e,8.281671
seg_bc07c8,1.38758
seg_bc1d67,5.9418297
seg_bc2186,5.201181
seg_bc437b,7.749475
seg_bca500,4.152777
seg_bcc8f1,4.9888225
seg_bce23c,5.374436
seg_bce305,3.7095356
seg_bcf2d9,3.2409165
seg_bcf6af,6.3709517
seg_bcfad6,4.1107173
seg_bd00c4,4.9140463
seg_bd2b0c,3.6061804
seg_bd31bf,4.7161694
seg_bd40f2,8.3414135
seg_bd4d30,4.5166435
seg_bd5022,2.241606
seg_bd629b,3.8750432
seg_bd6f5f,8.48173
seg_bd7109,3.8500893
seg_bdae02,8.681529
seg_bdf84b,3.7882333
seg_be0cdc,2.7593749
seg_be0dfa,5.7804103
seg_be19e2,5.6188455
seg_be30ce,4.119972
seg_be4612,7.3049984
seg_be62ef,5.26337
seg_be65f2,2.5430677
seg_be811d,1.375445
seg_beb650,5.228262
seg_beda44,3.7209313
seg_bee792,4.45336
seg_bf1294,2.0617862
seg_bf1430,5.0264564
seg_bf1a72,2.7989662
seg_bf2d1f,9.481963
seg_bf4bf2,1.935633
seg_bf4ec0,4.8673863
seg_bf58ce,5.7104697
seg_bf7224,3.0082989
seg_bfdd14,1.3177506
seg_bfe0b6,10.078869
seg_bff05e,8.203554
seg_bff392,2.5760918
seg_c01a57,2.2722542
seg_c01d9a,8.581011
seg_c01f63,6.3468156
seg_c0260d,4.5159063
seg_c047b7,4.340031
seg_c05a7d,8.134295
seg_c07b7c,4.0759287
seg_c08d36,3.5314898
seg_c09a41,3.5328662
seg_c0c0ed,3.833718
seg_c0d7da,2.209567
seg_c0e1b9,3.9437084
seg_c0ea9f,4.386988
seg_c106ca,2.8086388
seg_c10a58,6.7329073
seg_c11828,1.7961812
seg_c11a4f,1.9956124
seg_c12d7d,9.267332
seg_c146a8,4.048899
seg_c15d21,5.993562
seg_c17817,2.2945156
seg_c179f8,3.3861334
seg_c183e4,3.519829
seg_c186dc,2.7818644
seg_c18d5a,3.7646544
seg_c1fe9a,2.195342
seg_c20a27,3.7786484
seg_c20c06,1.6359625
seg_c21723,2.446005
seg_c21d60,3.4481952
seg_c22bd4,8.643857
seg_c23429,3.2264974
seg_c23641,4.004465
seg_c243a6,0.4920816
seg_c24946,2.9858398
seg_c25855,9.561686
seg_c267a5,3.5072882
seg_c26fb4,2.5852766
seg_c27591,2.8366895
seg_c2a0c8,4.145151
seg_c2b8f7,3.8751624
seg_c3507f,4.910918
seg_c35940,2.8756776
seg_c365de,1.8619584
seg_c3836b,2.226983
seg_c3f672,7.378845
seg_c3f8d7,3.6032958
seg_c41d1d,3.0636256
seg_c42490,3.4736922
seg_c42952,5.1364136
seg_c44bbc,2.9476175
seg_c46ce6,2.8076973
seg_c472cf,6.8179917
seg_c47bdc,6.390863
seg_c4af54,2.2150972
seg_c5064e,7.4330964
seg_c509ff,4.033553
seg_c522f8,5.4914355
seg_c5256d,4.4705434
seg_c52ae6,1.751018
seg_c5325c,9.888563
seg_c550b1,8.15552
seg_c565bd,3.3092217
seg_c571ef,4.0661135
seg_c588c1,9.757517
seg_c58ca5,4.1055145
seg_c5abaa,5.574699
seg_c5c455,1.3419836
seg_c5c6ea,4.2834544
seg_c5dada,3.9719765
seg_c5dee4,0.96582794
seg_c5f986,2.3390074
seg_c5fc3b,7.5695415
seg_c5fc87,2.917186
seg_c607eb,0.90409756
seg_c60dca,3.4357781
seg_c60f1d,2.6453564
seg_c627fc,6.500126
seg_c62a06,3.1745486
seg_c65135,2.623373
seg_c654e7,4.746334
seg_c666dd,4.741947
seg_c671f7,5.5473857
seg_c6b514,2.9893672
seg_c6c29f,2.9794502
seg_c6f0a2,3.5273051
seg_c6f533,2.2983506
seg_c6f9c2,3.0904891
seg_c703be,5.7480283
seg_c70fde,5.6638856
seg_c714d0,10.773417
seg_c73df6,3.7253518
seg_c747ad,10.452228
seg_c747b4,3.1040862
seg_c7a3bc,2.415628
seg_c7a401,2.9971821
seg_c7a579,5.7612677
seg_c7b424,8.006108
seg_c80857,-0.03628181
seg_c81e10,6.1878448
seg_c81fec,3.1856182
seg_c8459f,7.457999
seg_c87c24,3.725623
seg_c901c0,2.7428513
seg_c90be5,8.169527
seg_c9201c,1.49641
seg_c9481f,3.959639
seg_c94941,0.41688842
seg_c9831a,1.3175728
seg_c9e533,6.279618
seg_c9f80a,3.534049
seg_ca2d1b,3.554081
seg_ca407b,3.2856307
seg_ca44a8,3.0308778
seg_ca67ee,2.498356
seg_ca6d70,2.5041566
seg_ca8389,2.8306177
seg_ca88e3,8.560937
seg_ca9e39,3.3121595
seg_caa919,3.240218
seg_cacd0a,4.284738
seg_cacd58,4.3366365
seg_cb0e21,8.130828
seg_cb806c,3.686367
seg_cbcce9,4.5454364
seg_cbfb19,5.198973
seg_cc096e,9.515297
seg_cc2c46,4.7407503
seg_cc2e9b,2.4782178
seg_cc4199,8.500948
seg_cc4932,7.838861
seg_cc4950,2.8665838
seg_cc667b,3.5576296
seg_cc7a19,2.1919284
seg_cc7e39,6.7256846
seg_ccdc28,1.4349661
seg_cd0691,2.871236
seg_cd2b34,4.41316
seg_cd2b53,1.9973438
seg_cd352f,9.357867
seg_cd43b4,6.5947156
seg_cd699e,2.8841646
seg_cd9f9b,6.0435233
seg_cdadb5,7.375251
seg_cdf88e,2.6511583
seg_ce00bb,3.1555974
seg_ce46ba,3.4684572
seg_ce472b,6.728352
seg_ce5520,3.1587737
seg_ce5832,2.463828
seg_ce72e2,2.0157125
seg_ce7537,2.8312464
seg_ce9f59,2.4595892
seg_cea185,3.8078055
seg_ceab44,5.8021545
seg_ceb942,2.7522821
seg_cec2f2,4.5646024
seg_cecd29,4.439332
seg_ced992,1.8758953
seg_cedf3e,7.1575065
seg_cee7d0,7.9603176
seg_cf0e43,4.6788034
seg_cf1371,1.7881436
seg_cf25d2,3.149989
seg_cf3825,1.260646
seg_cf5764,6.2717113
seg_cf646e,4.2886667
seg_cf74e8,2.3794522
seg_cf9a49,3.5209632
seg_cfed24,2.2855244
seg_cff594,1.934689
seg_d014a3,8.689789
seg_d0598e,3.5885975
seg_d062a6,10.575561
seg_d07c62,3.4177294
seg_d07ce8,9.32611
seg_d098df,6.411988
seg_d0c280,1.4666768
seg_d0c8e2,2.9939768
seg_d0f262,3.764805
seg_d0f803,2.9046295
seg_d1045e,10.198627
seg_d11ca8,6.8465204
seg_d14524,4.4370637
seg_d146a6,1.5017487
seg_d16534,6.3745966
seg_d19980,6.787981
seg_d1a281,4.0562005
seg_d1a2b9,2.179771
seg_d1a8b3,2.0814774
seg_d1abaa,9.706106
seg_d1b91e,5.5380507
seg_d1ca05,9.014258
seg_d1cb37,8.813777
seg_d1eee8,8.906352
seg_d1fbb8,8.962578
seg_d21066,3.742309
seg_d21eb6,6.060867
seg_d24095,7.5918994
seg_d247da,5.303166
seg_d2551a,10.404217
seg_d26f7d,9.785095
seg_d27193,3.2703202
seg_d27812,3.9336827
seg_d29a4b,3.895212
seg_d2a533,3.6017473
seg_d2ad9a,2.295843
seg_d2cb02,5.103005
seg_d2db6b,4.259198
seg_d2f588,9.827396
seg_d30a9d,2.2656982
seg_d31583,7.9612455
seg_d320f5,3.619709
seg_d328bb,3.064612
seg_d32f71,3.117291
seg_d32f8a,3.7571762
seg_d35274,2.1462512
seg_d356ab,2.5036795
seg_d35e50,4.1093736
seg_d36055,7.795778
seg_d36342,6.3703666
seg_d36681,6.718195
seg_d36737,3.4134543
seg_d37b05,5.103193
seg_d39131,7.631288
seg_d398df,4.299631
seg_d3992e,9.340113
seg_d3bb14,1.0549631
seg_d3d8fc,2.6988926
seg_d3f6b0,3.6673794
seg_d3f967,2.930495
seg_d40bb2,8.275283
seg_d41daa,6.217369
seg_d42c77,5.3900223
seg_d44589,3.2791739
seg_d47aba,2.2541645
seg_d4c763,4.974525
seg_d4dec8,5.5374165
seg_d4ea17,5.6809316
seg_d508db,3.5221596
seg_d516e3,6.764813
seg_d56ae2,6.479746
seg_d56d32,6.855395
seg_d59e4e,3.6941912
seg_d5b100,2.3624535
seg_d5d3a1,3.8490162
seg_d5dbc1,1.5322503
seg_d5df41,5.738656
seg_d5f344,3.8364875
seg_d60d18,3.5290945
seg_d62e9c,2.7941782
seg_d63175,4.5465384
seg_d661ce,1.8709834
seg_d668c0,5.656857
seg_d68930,8.682757
seg_d693b0,8.896817
seg_d6b198,3.9292297
seg_d6b386,7.9604516
seg_d6b546,5.3087945
seg_d6dad6,5.279409
seg_d6ea73,2.6301534
seg_d702b2,6.481666
seg_d71352,8.328356
seg_d740b2,9.009798
seg_d753f8,2.4835458
seg_d78093,3.0768318
seg_d78e7d,1.5392016
seg_d795ab,5.4954405
seg_d7967e,8.064542
seg_d7a805,6.326722
seg_d7ab50,3.6815321
seg_d7f015,4.2520986
seg_d7f53a,3.3807337
seg_d8014d,4.2642484
seg_d83890,2.8049622
seg_d85e2e,3.4394631
seg_d86eb6,2.6560087
seg_d88da7,6.542279
seg_d89369,2.8219347
seg_d90c5f,3.4366925
seg_d91492,6.1624913
seg_d9190c,4.3412795
seg_d9352b,4.425552
seg_d962cc,9.977714
seg_d9750c,2.9191222
seg_d9a2bb,3.032074
seg_d9b162,6.1497865
seg_d9bb68,5.4426346
seg_d9ce67,2.3872504
seg_d9d0e4,4.063413
seg_d9dab4,9.064752
seg_da21ee,8.895445
seg_da7c3b,7.5846686
seg_da80c4,7.4342437
seg_da8b88,3.903965
seg_dab0f9,4.948529
seg_dad4f2,5.7740054
seg_db3446,6.4981995
seg_db3a95,2.8503873
seg_db3fbe,9.416407
seg_db4185,3.6467798
seg_db606c,4.42444
seg_db694a,4.864013
seg_db6d5f,4.6787834
seg_db90c0,3.0089684
seg_dbbb44,4.532928
seg_dbc615,4.0175114
seg_dbf3f2,2.9016438
seg_dc188b,3.8345864
seg_dc1cf0,8.063327
seg_dc23c0,8.158422
seg_dc4698,3.730473
seg_dc5e63,3.2304037
seg_dc6e94,2.69099
seg_dc73b8,1.6926032
seg_dc7e0d,2.792848
seg_dca2c2,8.980072
seg_dcb51d,2.9340782
seg_dcbe02,2.2903266
seg_dcd9df,2.9673154
seg_dcee28,4.1910944
seg_dceeca,2.1862032
seg_dcf242,4.022077
seg_dcfb4b,8.115343
seg_dd0b11,3.4537568
seg_dd4594,2.9160814
seg_dd699c,1.4476795
seg_dd780d,2.7581913
seg_dd8805,5.4201016
seg_ddbadc,7.6104755
seg_ddc800,7.475589
seg_ddd206,5.2497516
seg_ddddf0,2.240364
seg_de225c,9.484463
seg_de3237,7.486303
seg_de3d5e,2.3214667
seg_de4e1d,2.881554
seg_de8180,1.9109095
seg_de98fa,2.27093
seg_de9e32,9.467863
seg_df0df7,6.9547195
seg_df352f,3.2032907
seg_df45b0,5.4353185
seg_df8385,3.1674602
seg_df8e0a,6.06361
seg_df99d4,2.6688569
seg_dff078,3.8229778
seg_e00465,7.7972918
seg_e051bc,3.4024389
seg_e05de2,2.547188
seg_e067ab,6.8708158
seg_e09301,2.9145396
seg_e0c329,2.8734765
seg_e0ce38,6.7439137
seg_e0cfd4,5.3567395
seg_e0f296,6.859167
seg_e10d3b,7.514486
seg_e13bd8,2.9525144
seg_e14149,5.348002
seg_e1468f,9.260459
seg_e15cb9,6.081431
seg_e197b8,3.2420669
seg_e1a9e0,9.23201
seg_e1daa0,4.114424
seg_e1f045,4.3460045
seg_e1f081,7.56748
seg_e20d76,3.374998
seg_e217fc,4.518222
seg_e2209b,3.3619962
seg_e24496,6.4932313
seg_e24f69,3.6238275
seg_e256bd,3.3828359
seg_e25aca,3.9887605
seg_e266f4,4.397066
seg_e27c0a,2.0614614
seg_e29670,2.8913975
seg_e2b8b1,9.3761425
seg_e2c82c,2.9244766
seg_e3005e,2.5325873
seg_e30e44,2.519401
seg_e30ef5,2.535818
seg_e34052,2.6239476
seg_e37b8e,5.056238
seg_e3b1f1,5.0848174
seg_e3ca24,6.3343077
seg_e3cf1a,4.4118943
seg_e3d751,0.12202998
seg_e3dafa,9.741792
seg_e3e762,6.7608013
seg_e40348,3.7783422
seg_e405fe,1.9182605
seg_e40d64,6.108875
seg_e41fc9,3.581387
seg_e47d2b,3.1696668
seg_e481c7,5.101808
seg_e48c23,5.97612
seg_e49750,4.4427176
seg_e4c15a,3.4335606
seg_e4f203,5.0409374
seg_e4f403,1.9651052
seg_e50f16,9.553595
seg_e52f8c,4.1666713
seg_e53a52,2.7360291
seg_e54932,6.430524
seg_e5750a,9.329034
seg_e59dca,6.6426854
seg_e5b510,2.7171729
seg_e5c033,4.32173
seg_e5deec,2.2543068
seg_e5e238,2.0440147
seg_e5f9ec,6.422196
seg_e5fbc1,0.98158973
seg_e60719,8.252196
seg_e6307f,6.98002
seg_e64dfa,4.3456697
seg_e65e69,3.0985613
seg_e66697,5.344534
seg_e6b236,5.3869634
seg_e6bd3f,2.1966653
seg_e6c973,5.6555786
seg_e6e1df,2.5833883
seg_e6e24e,4.3538923
seg_e71dda,3.5529468
seg_e72f10,6.7058825
seg_e742dc,7.9164205
seg_e76e6e,3.2742288
seg_e7ac12,2.78746
seg_e7ced6,7.0847416
seg_e7d1f8,2.4549387
seg_e7d3e7,5.603271
seg_e80726,4.191127
seg_e81b50,3.8934612
seg_e8385f,9.559877
seg_e85f55,2.1464653
seg_e86e44,3.0154119
seg_e86ed1,8.833072
seg_e86f77,1.4925361
seg_e877a5,3.4586506
seg_e8a2c4,3.687402
seg_e8a4f4,3.8643203
seg_e8ac98,1.9641447
seg_e8ad6b,3.5698204
seg_e8b2b3,5.62048
seg_e8bcde,2.767394
seg_e8ce6a,3.167249
seg_e8d02f,2.5864184
seg_e90c0d,4.211269
seg_e92526,2.8972692
seg_e9272e,2.2839143
seg_e96140,3.2115517
seg_e98217,1.5131484
seg_e9a09f,2.039432
seg_e9aa44,8.65349
seg_e9df42,7.332222
seg_e9e65b,5.56494
seg_ea0091,2.9888015
seg_ea05c1,6.6393733
seg_ea096b,8.747077
seg_ea098b,6.9149666
seg_ea4d3a,7.1743484
seg_ea78c0,5.025652
seg_ea8270,7.980222
seg_ea9d37,3.6647937
seg_ea9fa4,8.528556
seg_eaa0ec,5.205643
seg_eabb2c,8.888461
seg_eacccf,2.4643898
seg_ead30e,3.1727278
seg_eb0b19,7.5830536
seg_eb1d6e,2.9060993
seg_eb2e11,4.8020988
seg_eb32bc,2.7596145
seg_eb47a9,1.7879723
seg_eb692c,9.606598
seg_eb7595,3.513746
seg_eb7f91,4.738239
seg_eba22d,7.7550035
seg_ebb79f,3.7816582
seg_ebd77b,9.6375
seg_ebe36c,3.3898745
seg_ebec3e,3.2107358
seg_ec0e7b,5.455501
seg_ec4645,3.352937
seg_ec73d5,2.9040756
seg_ec973c,9.739701
seg_eca2eb,3.564378
seg_ecaef0,4.9874454
seg_eccb17,2.439635
seg_ecdca4,2.6491857
seg_ecf28d,5.558419
seg_ecf81b,6.978771
seg_ed07b0,2.6673906
seg_ed3e4c,6.0870085
seg_ed52ac,8.139926
seg_ed7741,8.335306
seg_ed7dee,3.268017
seg_ed7f69,3.5612872
seg_edda79,5.233138
seg_edecaa,4.116813
seg_ee1cfc,2.0844152
seg_ee2781,8.660523
seg_ee4479,2.470737
seg_ee4ae5,1.7806051
seg_ee7224,3.0428178
seg_ee87e2,2.0480652
seg_ee8f87,3.0396762
seg_eea20e,7.2315564
seg_eebbc2,4.103632
seg_eee89d,3.3687527
seg_eefd4a,2.7317615
seg_ef24bd,3.503837
seg_ef27c8,2.4117682
seg_ef47c4,7.989225
seg_ef644a,4.8260126
seg_ef660a,7.23425
seg_ef74dc,3.8516998
seg_ef779d,4.168761
seg_ef9105,8.620371
seg_efb639,6.208283
seg_efbf3e,5.3641996
seg_efc5fb,7.789037
seg_efd9ec,8.413841
seg_f003ca,5.8807693
seg_f01368,4.758531
seg_f0181d,2.39378
seg_f02d32,5.3600397
seg_f056d8,3.4173715
seg_f0574b,2.870125
seg_f073e2,4.33413
seg_f0ce4a,1.8314891
seg_f0cedb,6.989287
seg_f0d278,2.4579854
seg_f0db55,1.4609468
seg_f11620,3.1975346
seg_f11f77,3.5720344
seg_f165f6,2.5780718
seg_f19f8e,7.1900325
seg_f1a771,2.1194148
seg_f1b916,2.2243168
seg_f1f5b9,3.3781495
seg_f21a22,3.8789058
seg_f21bf4,4.426482
seg_f22163,9.248855
seg_f229bf,3.4786122
seg_f24292,3.4508114
seg_f2750c,4.424624
seg_f2a20d,2.7403007
seg_f2ae5e,3.6756396
seg_f2b0c5,2.3063776
seg_f2cb5e,2.7583609
seg_f2f5a3,2.4874246
seg_f3063a,4.8744693
seg_f30b2f,4.962854
seg_f30f0c,5.89567
seg_f322b1,4.9024997
seg_f342a3,4.077862
seg_f34877,5.8083243
seg_f383fb,3.2134511
seg_f3c578,2.0482063
seg_f43730,4.2328515
seg_f43ab6,1.8142313
seg_f455bc,9.192619
seg_f46cc1,3.0771117
seg_f48363,3.2502568
seg_f48db9,3.5944238
seg_f4ad4b,3.3075564
seg_f4d644,2.786722
seg_f52cdc,8.553993
seg_f5406b,2.9525166
seg_f579ba,2.5257735
seg_f57ca1,10.250085
seg_f59974,7.788491
seg_f5a4ee,9.730681
seg_f5a6ab,6.1268578
seg_f5d2dd,7.880689
seg_f5e682,1.8398308
seg_f60872,5.1695094
seg_f618a8,6.57785
seg_f61b0e,4.213652
seg_f639cd,8.333641
seg_f639ec,4.5440745
seg_f650cc,2.083818
seg_f6659e,3.337409
seg_f66db1,6.100715
seg_f679c6,7.2731376
seg_f67ce2,1.8261976
seg_f6828d,2.7442892
seg_f69c38,3.4620948
seg_f6a217,3.0118465
seg_f6abc5,8.060565
seg_f6b70c,5.910913
seg_f6bae8,4.9297457
seg_f6c0cb,3.2712114
seg_f6c928,6.771184
seg_f6cfd4,6.861251
seg_f6d51b,2.616273
seg_f6e1ca,2.325749
seg_f6e89f,6.4257917
seg_f6f523,2.5684366
seg_f6f683,3.6556015
seg_f7050a,2.8635554
seg_f70b66,4.4091983
seg_f71db8,5.210967
seg_f7290f,2.7894883
seg_f734c8,7.4723988
seg_f741af,3.2241735
seg_f77ee5,10.073449
seg_f7d792,2.3557255
seg_f7de40,7.210917
seg_f80e44,4.010087
seg_f83d28,3.2413735
seg_f865be,2.7129476
seg_f86c41,3.0778937
seg_f88d4a,3.9118886
seg_f8db0a,2.1274834
seg_f8dd7e,3.669724
seg_f931de,3.7043152
seg_f93ce5,2.2847457
seg_f95fd3,6.3991427
seg_f96d0e,3.3118453
seg_f96d5a,6.260985
seg_f97274,3.161717
seg_f99b64,4.77501
seg_f9e4f2,8.7314825
seg_f9eea3,4.304274
seg_fa0ac7,3.938962
seg_fa34c7,6.2454066
seg_fa488e,1.9728681
seg_fa4df0,3.6188617
seg_fa6383,4.7743216
seg_fa796b,2.4117053
seg_fa9f00,3.3248568
seg_fad815,3.5728514
seg_fb00b3,9.252798
seg_fb11ba,5.131164
seg_fb1f5c,7.8837814
seg_fb4c26,2.9044318
seg_fb74f0,5.2828164
seg_fb76ca,4.7871013
seg_fb8af5,2.6177263
seg_fb9491,4.2240543
seg_fb9b2e,6.4111347
seg_fbce13,1.397119
seg_fbd66b,3.6551127
seg_fbddb9,8.329968
seg_fbe3c2,3.7307475
seg_fbf17a,7.262175
seg_fbff25,2.4614093
seg_fc407c,4.043667
seg_fc57d4,1.9588742
seg_fc8fd6,2.461214
seg_fcb7d0,8.630661
seg_fcca66,3.296502
seg_fcd32e,5.224847
seg_fd19b8,8.737081
seg_fd374e,3.3230896
seg_fd6340,2.669454
seg_fd8add,4.7838907
seg_fd9ac1,3.0772533
seg_fdba93,3.3000004
seg_fdc1d4,3.1044476
seg_fdd50e,1.5105193
seg_fde767,4.8729415
seg_fde86d,5.667712
seg_fdff11,1.7590554
seg_fe2aac,3.0326126
seg_fe5945,2.924734
seg_fe70c0,5.501212
seg_fe73b1,8.095434
seg_fe86f5,4.159233
seg_fea3e2,7.7381706
seg_feb312,5.5471573
seg_fedbd1,7.341853
seg_ff0f1b,2.4351664
seg_ff1a62,8.181853
seg_ff2f2d,3.4607244
seg_ff4236,3.6546483
seg_ff7478,4.755851
seg_ff79d9,1.972267
seg_ffbd6a,1.9682593
seg_ffe7cc,8.360061
